ссылка,название,компания,зарплата,опыт
https://adsrv.hh.ru/click,,,,
https://novosibirsk.hh.ru/vacancy/130513295,Ведущий инженер-программист,BNS Group,,3–6 лет
https://novosibirsk.hh.ru/vacancy/129198431,Инженер-программист,ООО АСТРОН ЛТД,"от 2 500 до 4 000 Br за месяц, до вычета налогов",1–3 года
https://novosibirsk.hh.ru/vacancy/128033917,Программист,ООО Нео-Терм,,1–3 года
https://novosibirsk.hh.ru/vacancy/130786699,Программист С++,Терем,,1–3 года
https://novosibirsk.hh.ru/vacancy/130785791,Программист С++,Терем,,1–3 года
https://novosibirsk.hh.ru/vacancy/130196507,Инженер-программист,ОАО 558 Авиационный ремонтный завод,"от 2 170 до 2 270 Br за месяц, до вычета налогов",не требуется
https://novosibirsk.hh.ru/vacancy/130783533,Инженер-программист,Компания «Кронштадт»,,3–6 лет
https://novosibirsk.hh.ru/vacancy/130782654,Инженер-программист,ПАО ПЗ Сигнал,"от 100 000 ₽ за месяц, до вычета налогов",1–3 года
https://novosibirsk.hh.ru/vacancy/130782249,Программист Python,НоуТек,,3–6 лет
https://novosibirsk.hh.ru/vacancy/130782465,Техник-программист,Гос. корп. ФГБНУ НИИР им. В.А. Насоновой,"120 000 ₽ за месяц, на руки",не требуется
https://novosibirsk.hh.ru/vacancy/130781546,Инженер-программист,Гос. корп. ФГБНУ НИИР им. В.А. Насоновой,"140 000 ₽ за месяц, до вычета налогов",не требуется
https://novosibirsk.hh.ru/vacancy/130193800,Программист Embedded,Компания НАВИС,"от 180 000 до 200 000 ₽ за месяц, на руки",3–6 лет
https://novosibirsk.hh.ru/vacancy/126146209,Инженер-программист,АО МОСТРАНСАВТО,"до 221 000 ₽ за месяц, на руки",1–3 года
https://novosibirsk.hh.ru/vacancy/130645569,Программист микроконтроллеров,ООО Кибертех-Сигнал,,3–6 лет
https://novosibirsk.hh.ru/vacancy/130779411,Инженер-программист,АО ГК Системы и Технологии,"от 70 000 до 100 000 ₽ за месяц, до вычета налогов",1–3 года
https://novosibirsk.hh.ru/vacancy/130627822,Программист микроконтроллеров,Ленпромавтоматика,,1–3 года
https://novosibirsk.hh.ru/vacancy/120642331,Инженер-программист,АО Связьтранснефть,"от 88 000 до 89 000 ₽ за месяц, на руки",более 6 лет
https://novosibirsk.hh.ru/vacancy/130508885,Инженер-программист,ООО Инконтрол,,1–3 года
https://novosibirsk.hh.ru/vacancy/129958836,Техник-программист,АО Сарапульский электрогенераторный завод,"от 60 000 до 70 000 ₽ за месяц, до вычета налогов",не требуется
https://novosibirsk.hh.ru/vacancy/130511076,Программист АСУТП,ООО НПП Уралэлектра,"до 200 000 ₽ за месяц, на руки",3–6 лет
https://novosibirsk.hh.ru/vacancy/130774780,Техник-программист,Этажи (ИП Обухова Лилия Ульфатовна),"от 50 000 ₽ за месяц, до вычета налогов",1–3 года
https://novosibirsk.hh.ru/vacancy/130037482,Программист 1С,Эстет,"150 000 ₽ за месяц, на руки",1–3 года
https://novosibirsk.hh.ru/vacancy/129763792,Программист 1С,ООО ИМИДЖ,,1–3 года
https://novosibirsk.hh.ru/vacancy/130361921,Программист Bitrix 24,МосТАБАК,"от 270 000 ₽ за месяц, до вычета налогов",3–6 лет
https://novosibirsk.hh.ru/vacancy/130406881,Программист 1С,ООО ТД Рублевский,,3–6 лет
https://novosibirsk.hh.ru/vacancy/129081957,Программист 1С,SCHNEIDER GROUP,,3–6 лет
https://novosibirsk.hh.ru/vacancy/130516400,Программист 1С,ООО Смарт Солюшенс Альянс,,3–6 лет
https://novosibirsk.hh.ru/vacancy/130618386,Программист 1С,ООО Джиэсэс Косметикс,,3–6 лет
https://novosibirsk.hh.ru/vacancy/130076915,Программист 1С,ООО АЛЬТЭРОС,,3–6 лет
https://novosibirsk.hh.ru/vacancy/130782741,Инженер-программист (Delphi),ООО Фармбазис,,3–6 лет
https://novosibirsk.hh.ru/vacancy/130477968,Программист 1С,АО Сады Придонья,"от 155 000 до 180 000 ₽ за месяц, до вычета налогов",1–3 года
https://novosibirsk.hh.ru/vacancy/129139733,Программист 1С,Группа компаний Перемена,"от 25 000 ₽ за месяц, на руки",не требуется
https://novosibirsk.hh.ru/vacancy/130076206,Программист 1С,ООО Челстройинвест,"от 120 000 до 150 000 ₽ за месяц, на руки",3–6 лет
https://novosibirsk.hh.ru/vacancy/129877932,Программист 1С,ООО Экспресс-Кубань,"от 100 000 до 160 000 ₽ за месяц, на руки",1–3 года
https://novosibirsk.hh.ru/vacancy/130346041,Инженер программист (ПЛК),ООО Тесвел,"от 110 000 ₽ за месяц, на руки",1–3 года
https://novosibirsk.hh.ru/vacancy/128939964,"Программист С, С++",ООО РОЙ-АЭРО,,не требуется
https://novosibirsk.hh.ru/vacancy/130775843,Developer,АО Народный банк Казахстана. IT,,3–6 лет
https://novosibirsk.hh.ru/vacancy/130001405,Программист 1С,АО Башспирт,,1–3 года
https://novosibirsk.hh.ru/vacancy/130514557,Преподаватель-программист КиберШколы,ООО Вкус жизни,"от 50 000 до 120 000 ₽ за месяц, на руки",не требуется
https://novosibirsk.hh.ru/vacancy/130761319,Программист,Самарский филиал ФГБУ Управление Саратовмелиоводхоз,"от 30 000 до 50 000 ₽ за месяц, на руки",не требуется
https://novosibirsk.hh.ru/vacancy/130781778,Инженер-программист микроконтроллеров,ООО ЛСД Электроникс,"от 100 000 ₽ за месяц, на руки",1–3 года
https://novosibirsk.hh.ru/vacancy/130781693,Программист 1С,ООО Управление Бизнесом,"150 000 ₽ за месяц, на руки",более 6 лет
https://novosibirsk.hh.ru/vacancy/130781099,Инженер-программист РТК,ООО Униматик,"от 120 000 ₽ за месяц, на руки",1–3 года
https://novosibirsk.hh.ru/vacancy/124901113,Ведущий инженер-программист,Молния,"от 170 000 ₽ за месяц, до вычета налогов",3–6 лет
https://novosibirsk.hh.ru/vacancy/127056950,Инженер-программист микроконтроллеров,Системотехника,,3–6 лет
https://novosibirsk.hh.ru/vacancy/130512768,Программист 1С,Группа Компаний Агпайп,"от 200 000 ₽ за месяц, на руки",3–6 лет
https://novosibirsk.hh.ru/vacancy/128066077,Программист 1С,ООО Сити Трейд,"200 000 ₽ за месяц, на руки",1–3 года
https://novosibirsk.hh.ru/vacancy/129478110,Инженер-программист АСУТП,ООО АСпром,"от 120 000 ₽ за месяц, на руки",1–3 года
https://novosibirsk.hh.ru/vacancy/128484473,Программист 1C,ООО АРЕС,"от 300 000 ₽ за месяц, на руки",1–3 года
https://novosibirsk.hh.ru/vacancy/130343055,Программист 1С,Строительные ресурсы,"от 100 000 ₽ за услугу, на руки",3–6 лет
https://novosibirsk.hh.ru/vacancy/130779575,Программист 1С,ИП Шабыт+,,более 6 лет
https://novosibirsk.hh.ru/vacancy/130778928,Программист 1С,ООО АГК,"от 100 000 ₽ за месяц, на руки",1–3 года
https://novosibirsk.hh.ru/vacancy/130030199,Программист 1C,ООО ТОП ЛАЙН,"от 70 000 до 150 000 ₽ за месяц, на руки",не требуется
https://novosibirsk.hh.ru/vacancy/130424981,Инженер-программист,ПАО СКБ Приморья Примсоцбанк,"60 700 ₽ за месяц, на руки",1–3 года
https://novosibirsk.hh.ru/vacancy/130778264,Программист 1С,ООО Ровненский МЭЗ,,1–3 года
https://novosibirsk.hh.ru/vacancy/130778237,Инженер-программист IT,ОАО Электростальский завод тяжелого машиностроения,,1–3 года
https://novosibirsk.hh.ru/vacancy/128732126,Программист 1С,ООО Меридиан Саппорт,"от 200 000 ₽ за месяц, на руки",1–3 года
https://novosibirsk.hh.ru/vacancy/124602672,Программист 1С,ООО Мастер Софт,"от 140 000 до 180 000 ₽ за месяц, до вычета налогов",1–3 года
https://novosibirsk.hh.ru/vacancy/130777043,Программист 1C,ООО Баев-Айти,"от 100 000 ₽ за месяц, на руки",1–3 года
https://novosibirsk.hh.ru/vacancy/129501583,Программист 1C,Маркер Игрушка,"от 180 000 до 200 000 ₽ за месяц, на руки",1–3 года
https://novosibirsk.hh.ru/vacancy/130468267,Ведущий инженер-программист,"ОАО Авиационная и Морская Электроника, Научно-производственное предприятие",,более 6 лет
https://novosibirsk.hh.ru/vacancy/130776280,Программист 1С,ООО СтройВпрокат,"от 100 000 до 150 000 ₽ за месяц, до вычета налогов",1–3 года
https://novosibirsk.hh.ru/vacancy/130786407,Разработчик Bitrix,ООО Гарда Технологии,,3–6 лет
https://novosibirsk.hh.ru/vacancy/130069977,Программист 1С,"АО Халык-Life, АО",,1–3 года
https://novosibirsk.hh.ru/vacancy/130263850,Программист 1C,ООО Вираж плюс,"от 100 000 до 150 000 ₽ за месяц, на руки",1–3 года
https://novosibirsk.hh.ru/vacancy/128232511,Программист 1С,ООО Енисей-сервис,,1–3 года
https://novosibirsk.hh.ru/vacancy/126590924,Программист 1С,AZIMUTH (ООО TECHNOLOGIES OF REAL TIME),,1–3 года
https://novosibirsk.hh.ru/vacancy/130080285,Программист ТУРБО X (middle),ООО ПрофИтПроект,"от 80 000 до 200 000 ₽ за месяц, на руки",1–3 года
https://novosibirsk.hh.ru/vacancy/129189416,Программист 1С,ООО Ломбард Драгоценности Урала,"от 200 000 ₽ за месяц, до вычета налогов",1–3 года
https://novosibirsk.hh.ru/vacancy/128652166,Программист 1С,ООО Мотолидер,"от 140 000 ₽ за месяц, на руки",1–3 года
https://novosibirsk.hh.ru/vacancy/130739450,Программист,АО Омский НИИ Приборостроения,"от 50 000 ₽ за месяц, на руки",1–3 года
https://novosibirsk.hh.ru/vacancy/130077979,Bitrix разработчик,FaceX,"от 80 000 ₽ за месяц, до вычета налогов",1–3 года
https://novosibirsk.hh.ru/vacancy/130363698,Программист 1С (офис),Третьяковская галерея,"от 191 600 ₽ за месяц, до вычета налогов",1–3 года
https://novosibirsk.hh.ru/vacancy/130783444,Frontend-разработчик,ИРИ,,3–6 лет
https://novosibirsk.hh.ru/vacancy/130196224,Fullstack-разработчик,ИП СЖС Минск,,1–3 года
https://novosibirsk.hh.ru/vacancy/130076872,Fullstack-разработчик,ООО Армор,"от 250 000 ₽ за месяц, на руки",более 6 лет
https://novosibirsk.hh.ru/vacancy/129665828,Программист 1С:ЕRP,ООО РобоАвиа,"от 150 000 до 220 000 ₽ за месяц, на руки",3–6 лет
https://novosibirsk.hh.ru/vacancy/130736724,Программист,ГУЗ Липецкая ГБ СМП №1,"от 50 000 до 55 000 ₽ за месяц, на руки",не требуется
https://novosibirsk.hh.ru/vacancy/130632992,Backend-разработчик,ФГБУ ГИВЦ Минкультуры России,,1–3 года
https://novosibirsk.hh.ru/vacancy/129944507,Программист 1С,Предприятие «Таврия»,"от 180 000 ₽ за месяц, на руки",1–3 года
https://novosibirsk.hh.ru/vacancy/130735817,Программист,АО Архангельский целлюлозно-бумажный комбинат,"от 75 000 ₽ за месяц, на руки",1–3 года
https://novosibirsk.hh.ru/vacancy/130735818,Программист,АО Архангельский целлюлозно-бумажный комбинат,"от 75 000 ₽ за месяц, на руки",1–3 года
https://novosibirsk.hh.ru/vacancy/130624048,Инженер-программист,ООО АМБ-Инжиниринг,"от 5 000 Br за месяц, на руки",1–3 года
https://novosibirsk.hh.ru/vacancy/129907576,Программист (разработчик) 1С,ООО ТатАИСЭнерго,"от 100 000 ₽ за месяц, на руки",1–3 года
https://novosibirsk.hh.ru/vacancy/130634203,Инженер-программист (C++) Senior,ООО Кибертех-Сигнал,,3–6 лет
https://novosibirsk.hh.ru/vacancy/129980784,Программист backend роботизированных систем,Институт Исследования Нейросетей и Робототехники,"от 120 000 ₽ за месяц, на руки",3–6 лет
https://novosibirsk.hh.ru/vacancy/129973348,Программист 1С (Senior),ООО ДНС ЭЛЕКТРОНИКА,,3–6 лет
https://novosibirsk.hh.ru/vacancy/130075795,Golang-разработчик,ООО КГК,"от 250 000 ₽ за месяц, на руки",более 6 лет
https://novosibirsk.hh.ru/vacancy/130515878,Программист 1С (Middle),ИП Бреев Андрей Анатольевич,"от 140 000 до 180 000 ₽ за месяц, до вычета налогов",1–3 года
https://novosibirsk.hh.ru/vacancy/130013407,Программист 1С,Кондитерский Дом Куликовский,"от 450 000 до 500 000 ₸ за месяц, до вычета налогов",1–3 года
https://novosibirsk.hh.ru/vacancy/130665919,Программист 1С (начинающий),Компания Апогей (Техподдержка 1С),"от 60 000 ₽ за месяц, на руки",не требуется
https://novosibirsk.hh.ru/vacancy/129770310,Научный сотрудник/Инженер-программист,АО НИИГРАФИТ,,1–3 года
https://novosibirsk.hh.ru/vacancy/130345243,Разработчик рецептур,Русская Чайная Компания,,1–3 года
https://novosibirsk.hh.ru/vacancy/126697279,Инженер электроник (Программист роботов),ООО Тесвел,,1–3 года
https://novosibirsk.hh.ru/vacancy/130780992,Backend-разработчик,Чернышева Олеся Витальевна,"от 100 000 ₽ за месяц, на руки",1–3 года
https://novosibirsk.hh.ru/vacancy/130344466,Golang разработчик,Клируэй Текнолоджис,"от 250 000 до 350 000 ₽ за месяц, на руки",более 6 лет
https://novosibirsk.hh.ru/vacancy/130209825,Java-разработчик,ООО Цифровые технологии,"от 100 000 до 120 000 ₽ за месяц, на руки",1–3 года
https://novosibirsk.hh.ru/vacancy/130192672,Технолог-разработчик,WellFoods,"от 130 000 до 150 000 ₽ за месяц, до вычета налогов",3–6 лет
https://novosibirsk.hh.ru/vacancy/128633201,Java-разработчик,ПАО КБ Уральский банк реконструкции и развития (УБРиР),,3–6 лет
